Feature ID	Taxon	Confidence	domain	phylum	class	order	family	genus	species
8612a638846acf832935cb932a1f0398	d__Bacteria;p__Bacteroidota;c__Bacteroidia;o__Flavobacteriales;f__Weeksellaceae;g__Cloacibacterium;s__	0.999641163	d__Bacteria	p__Bacteroidota	c__Bacteroidia	o__Flavobacteriales	f__Weeksellaceae	g__Cloacibacterium	s__
868e0165fe32a8925b7f20afa5e1dbfc	d__Bacteria;p__Pseudomonadota;c__Gammaproteobacteria;o__Burkholderiales;f__Comamonadaceae	0.999976818	d__Bacteria	p__Pseudomonadota	c__Gammaproteobacteria	o__Burkholderiales	f__Comamonadaceae		
8f737567a197057c3451c9372329bb72	d__Bacteria;p__Pseudomonadota;c__Gammaproteobacteria;o__Burkholderiales;f__Burkholderiaceae;g__Cupriavidus;s__	0.973345461	d__Bacteria	p__Pseudomonadota	c__Gammaproteobacteria	o__Burkholderiales	f__Burkholderiaceae	g__Cupriavidus	s__
043ab5c1743a9c835c41dea8a8511d0d	d__Bacteria;p__Pseudomonadota;c__Gammaproteobacteria;o__Burkholderiales;f__Rhodocyclaceae	0.986546294	d__Bacteria	p__Pseudomonadota	c__Gammaproteobacteria	o__Burkholderiales	f__Rhodocyclaceae		
2d00e465ad18c4731ecf9573550ac73f	d__Bacteria;p__Pseudomonadota;c__Alphaproteobacteria;o__Sphingomonadales;f__Sphingomonadaceae	0.999939736	d__Bacteria	p__Pseudomonadota	c__Alphaproteobacteria	o__Sphingomonadales	f__Sphingomonadaceae		
3e76bce454763672ab2762dea6a49291	d__Bacteria;p__Pseudomonadota;c__Alphaproteobacteria;o__Sphingomonadales;f__Sphingomonadaceae;g__Novosphingobium;s__	0.772928801	d__Bacteria	p__Pseudomonadota	c__Alphaproteobacteria	o__Sphingomonadales	f__Sphingomonadaceae	g__Novosphingobium	s__
bf1c50e24daa412cc3a53c2ae819d4fa	d__Bacteria;p__Pseudomonadota;c__Alphaproteobacteria;o__Sphingomonadales;f__Sphingomonadaceae;g__Novosphingobium;s__	0.725493943	d__Bacteria	p__Pseudomonadota	c__Alphaproteobacteria	o__Sphingomonadales	f__Sphingomonadaceae	g__Novosphingobium	s__
4dd1b2f5593698a54446a7ecd8a6c47c	d__Bacteria;p__Pseudomonadota;c__Alphaproteobacteria;o__Acetobacterales;f__Acetobacteraceae;g__Rhodovarius;s__	0.99318905	d__Bacteria	p__Pseudomonadota	c__Alphaproteobacteria	o__Acetobacterales	f__Acetobacteraceae	g__Rhodovarius	s__
2bbb28b70c3a3757e48663f4d0003ecc	d__Bacteria;p__Pseudomonadota;c__Alphaproteobacteria;o__Sphingomonadales;f__Sphingomonadaceae	0.999641675	d__Bacteria	p__Pseudomonadota	c__Alphaproteobacteria	o__Sphingomonadales	f__Sphingomonadaceae		
b90f441768307be2ddfee2a5dc8674b3	d__Bacteria;p__Bacillota;c__Bacilli;o__Bacillales;f__Bacillaceae;g__Pelagirhabdus;s__	0.858685267	d__Bacteria	p__Bacillota	c__Bacilli	o__Bacillales	f__Bacillaceae	g__Pelagirhabdus	s__
f7f7ca9b223efa74a38f62dda65ac9d9	d__Bacteria;p__Pseudomonadota;c__Gammaproteobacteria;o__Lysobacterales;f__Lysobacteraceae;g__Lysobacter;s__	0.803779708	d__Bacteria	p__Pseudomonadota	c__Gammaproteobacteria	o__Lysobacterales	f__Lysobacteraceae	g__Lysobacter	s__
06e29ca3c9fd75b09553092cb7bf4267	d__Bacteria;p__Pseudomonadota;c__Alphaproteobacteria;o__Sphingomonadales;f__Sphingomonadaceae;g__Novosphingobium;s__	0.749815155	d__Bacteria	p__Pseudomonadota	c__Alphaproteobacteria	o__Sphingomonadales	f__Sphingomonadaceae	g__Novosphingobium	s__
e7634d6c8d88de1a0fee601db443f1a7	d__Bacteria;p__Bacillota;c__Bacilli;o__Bacillales;f__Bacillaceae;g__Halolactibacillus;s__	0.968134285	d__Bacteria	p__Bacillota	c__Bacilli	o__Bacillales	f__Bacillaceae	g__Halolactibacillus	s__
dd78b6b4c49b1a8c83214298dd4f9716	d__Bacteria;p__Pseudomonadota;c__Gammaproteobacteria;o__Burkholderiales;f__Rhodocyclaceae;g__Azospira;s__	0.929712118	d__Bacteria	p__Pseudomonadota	c__Gammaproteobacteria	o__Burkholderiales	f__Rhodocyclaceae	g__Azospira	s__
04e01841a5e1bf33dcc6bb33c6380138	d__Bacteria;p__Actinomycetota;c__Actinobacteria;o__Mycobacteriales;f__Mycobacteriaceae;g__Mycobacterium;s__	0.999851156	d__Bacteria	p__Actinomycetota	c__Actinobacteria	o__Mycobacteriales	f__Mycobacteriaceae	g__Mycobacterium	s__
7e7deb01f0491d33ecb87427fcbeb1ee	d__Bacteria;p__Bacteroidota;c__Bacteroidia;o__Chitinophagales;f__Chitinophagaceae;g__Sediminibacterium;s__	0.991388643	d__Bacteria	p__Bacteroidota	c__Bacteroidia	o__Chitinophagales	f__Chitinophagaceae	g__Sediminibacterium	s__
a60f0b4bc20e5a162b45b3d2ed7a0d6c	d__Bacteria;p__Pseudomonadota;c__Alphaproteobacteria;o__Caulobacterales;f__Caulobacteraceae;g__Caulobacter;s__	0.999372405	d__Bacteria	p__Pseudomonadota	c__Alphaproteobacteria	o__Caulobacterales	f__Caulobacteraceae	g__Caulobacter	s__
04ecfad5772d2e09a84a0f5ef460536c	d__Bacteria;p__Pseudomonadota;c__Alphaproteobacteria;o__Hyphomicrobiales;f__Beijerinckiaceae;g__Methylobacterium;s__	0.99998334	d__Bacteria	p__Pseudomonadota	c__Alphaproteobacteria	o__Hyphomicrobiales	f__Beijerinckiaceae	g__Methylobacterium	s__
64cda1fc73d82ef1a56df9d175e46fcf	d__Bacteria;p__Bacillota;c__Bacilli;o__Bacillales;f__Bacillaceae;g__Halolactibacillus;s__	0.958007797	d__Bacteria	p__Bacillota	c__Bacilli	o__Bacillales	f__Bacillaceae	g__Halolactibacillus	s__
05e4f40f4ef41c503a38c4ec58d3ccf8	d__Bacteria;p__Bacillota;c__Bacilli;o__Bacillales;f__Planococcaceae;g__Jeotgalibacillus;s__	0.992382313	d__Bacteria	p__Bacillota	c__Bacilli	o__Bacillales	f__Planococcaceae	g__Jeotgalibacillus	s__
1e104b993416995498346089f57fd3bf	d__Bacteria;p__Pseudomonadota;c__Gammaproteobacteria;o__Burkholderiales;f__Methylophilaceae;g__Methylophilus;s__	0.952134474	d__Bacteria	p__Pseudomonadota	c__Gammaproteobacteria	o__Burkholderiales	f__Methylophilaceae	g__Methylophilus	s__
ac9d46780cb683b0894287d3d337738e	d__Bacteria;p__Bacillota;c__Bacilli;o__Bacillales;f__Bacillaceae;g__Halolactibacillus;s__	0.986317312	d__Bacteria	p__Bacillota	c__Bacilli	o__Bacillales	f__Bacillaceae	g__Halolactibacillus	s__
61d96b86c674ec6276984c9be7a81efc	d__Bacteria;p__Pseudomonadota;c__Alphaproteobacteria;o__Sphingomonadales;f__Sphingomonadaceae	0.999501836	d__Bacteria	p__Pseudomonadota	c__Alphaproteobacteria	o__Sphingomonadales	f__Sphingomonadaceae		
d829bee4984f82ffc2453212157caf96	d__Bacteria;p__Pseudomonadota;c__Alphaproteobacteria;o__Hyphomicrobiales;f__Xanthobacteraceae	0.999992755	d__Bacteria	p__Pseudomonadota	c__Alphaproteobacteria	o__Hyphomicrobiales	f__Xanthobacteraceae		
c0f775fff77049501c4f8b4f5460097c	d__Bacteria;p__Pseudomonadota;c__Gammaproteobacteria;o__Burkholderiales;f__Burkholderiaceae;g__Cupriavidus;s__	0.998672127	d__Bacteria	p__Pseudomonadota	c__Gammaproteobacteria	o__Burkholderiales	f__Burkholderiaceae	g__Cupriavidus	s__
08c7f5edac53f41eb967cda716611bae	d__Bacteria;p__Actinomycetota;c__Actinobacteria;o__Micrococcales;f__Cellulomonadaceae;g__Cellulomonas;s__	0.937074232	d__Bacteria	p__Actinomycetota	c__Actinobacteria	o__Micrococcales	f__Cellulomonadaceae	g__Cellulomonas	s__
71f40c8f3a70e5725e43aecf45dca078	d__Bacteria;p__Pseudomonadota;c__Alphaproteobacteria;o__Acetobacterales;f__Acetobacteraceae;g__Roseococcus;s__	0.952514303	d__Bacteria	p__Pseudomonadota	c__Alphaproteobacteria	o__Acetobacterales	f__Acetobacteraceae	g__Roseococcus	s__
1763dbd2ac5b6c96acebc480d8bcc4a2	d__Bacteria;p__Bacillota;c__Bacilli;o__Bacillales;f__Planococcaceae;g__Domibacillus;s__	0.980650731	d__Bacteria	p__Bacillota	c__Bacilli	o__Bacillales	f__Planococcaceae	g__Domibacillus	s__
a0006d3a7b8e3c880e8e043b4d6f61b9	d__Bacteria;p__Pseudomonadota;c__Alphaproteobacteria;o__Hyphomicrobiales;f__Xanthobacteraceae	0.999949978	d__Bacteria	p__Pseudomonadota	c__Alphaproteobacteria	o__Hyphomicrobiales	f__Xanthobacteraceae		
17f5a48986ee11c3fc2b99d8e5ff4b1c	d__Bacteria;p__Pseudomonadota;c__Alphaproteobacteria;o__Sphingomonadales;f__Sphingomonadaceae;g__Hephaestia;s__	0.753132595	d__Bacteria	p__Pseudomonadota	c__Alphaproteobacteria	o__Sphingomonadales	f__Sphingomonadaceae	g__Hephaestia	s__
aaf720cb05ddb528efa9bacbd90f7c58	d__Bacteria;p__Pseudomonadota;c__Alphaproteobacteria;o__Sphingomonadales;f__Sphingomonadaceae	0.99999455	d__Bacteria	p__Pseudomonadota	c__Alphaproteobacteria	o__Sphingomonadales	f__Sphingomonadaceae		
dd6549da7e42e03da9992ef2db62b1c0	d__Bacteria;p__Bacillota;c__Bacilli;o__Bacillales	0.99937943	d__Bacteria	p__Bacillota	c__Bacilli	o__Bacillales			
fb5e7c37417f293264c320d08483a733	d__Bacteria;p__Pseudomonadota;c__Gammaproteobacteria;o__Pseudomonadales;f__Halomonadaceae;g__Halomonas;s__	0.987484159	d__Bacteria	p__Pseudomonadota	c__Gammaproteobacteria	o__Pseudomonadales	f__Halomonadaceae	g__Halomonas	s__
cfe584332198918a26860cae5aa0d8c6	d__Bacteria;p__Pseudomonadota;c__Alphaproteobacteria;o__Acetobacterales;f__Acetobacteraceae;g__Gluconacetobacter;s__	0.933823695	d__Bacteria	p__Pseudomonadota	c__Alphaproteobacteria	o__Acetobacterales	f__Acetobacteraceae	g__Gluconacetobacter	s__
7c8d0478474ce3beac5ed31ecf80d04d	d__Bacteria;p__Pseudomonadota;c__Gammaproteobacteria;o__Burkholderiales;f__Burkholderiaceae;g__Cupriavidus;s__	0.987939387	d__Bacteria	p__Pseudomonadota	c__Gammaproteobacteria	o__Burkholderiales	f__Burkholderiaceae	g__Cupriavidus	s__
d6efd2da2728fd74ded268122ee05036	d__Bacteria;p__Pseudomonadota;c__Alphaproteobacteria;o__Sphingomonadales;f__Sphingomonadaceae;g__Sphingomonas;s__	0.705644016	d__Bacteria	p__Pseudomonadota	c__Alphaproteobacteria	o__Sphingomonadales	f__Sphingomonadaceae	g__Sphingomonas	s__
12f0627b0f930aff1182481eb84cbc7d	d__Bacteria;p__Pseudomonadota;c__Gammaproteobacteria;o__Burkholderiales;f__Comamonadaceae	0.999120052	d__Bacteria	p__Pseudomonadota	c__Gammaproteobacteria	o__Burkholderiales	f__Comamonadaceae		
d15bc449222795a9ff230013aa633686	d__Bacteria;p__Pseudomonadota;c__Gammaproteobacteria;o__Pseudomonadales;f__Moraxellaceae;g__Acinetobacter;s__	0.999959594	d__Bacteria	p__Pseudomonadota	c__Gammaproteobacteria	o__Pseudomonadales	f__Moraxellaceae	g__Acinetobacter	s__
4d4158f111abb8fcce65b0b0c2c00bee	d__Bacteria;p__Pseudomonadota;c__Alphaproteobacteria;o__Rhodobacterales;f__Paracoccaceae;g__Rubellimicrobium;s__	0.983685868	d__Bacteria	p__Pseudomonadota	c__Alphaproteobacteria	o__Rhodobacterales	f__Paracoccaceae	g__Rubellimicrobium	s__
21a30b278fd1629a1a90bee5cfed82d6	d__Bacteria;p__Pseudomonadota;c__Alphaproteobacteria;o__Sphingomonadales;f__Sphingomonadaceae;g__Novosphingobium;s__	0.809434937	d__Bacteria	p__Pseudomonadota	c__Alphaproteobacteria	o__Sphingomonadales	f__Sphingomonadaceae	g__Novosphingobium	s__
9da2f4c6f12ad53f8f97578fc6834da7	d__Bacteria;p__Bacillota;c__Desulfitobacteriia;o__Desulfitobacteriales;f__Desulfitobacteriaceae;g__Desulfosporosinus;s__	0.996943458	d__Bacteria	p__Bacillota	c__Desulfitobacteriia	o__Desulfitobacteriales	f__Desulfitobacteriaceae	g__Desulfosporosinus	s__
4a0b292ba716582f9af46694458c0b9b	d__Bacteria;p__Cyanobacteriota;c__Cyanobacteriia;o__Chloroplast;f__Incertae_Sedis;g__Incertae_Sedis;s__	0.999980095	d__Bacteria	p__Cyanobacteriota	c__Cyanobacteriia	o__Chloroplast	f__Incertae_Sedis	g__Incertae_Sedis	s__
50c1adc394d69456bab0180bd2d25d57	d__Bacteria;p__Bacteroidota;c__Bacteroidia;o__Chitinophagales;f__Chitinophagaceae;g__Sediminibacterium;s__	0.993550797	d__Bacteria	p__Bacteroidota	c__Bacteroidia	o__Chitinophagales	f__Chitinophagaceae	g__Sediminibacterium	s__
10de7c04ff0b9dc89e4a6a1876a7b989	d__Bacteria;p__Bacillota;c__Clostridia;o__Clostridiales;f__Clostridiaceae;g__Clostridium;s__	0.989283521	d__Bacteria	p__Bacillota	c__Clostridia	o__Clostridiales	f__Clostridiaceae	g__Clostridium	s__
805907d47d37dc3ac94feb7e01d9ac76	d__Bacteria;p__Bacteroidota;c__Bacteroidia;o__Cytophagales;f__Microscillaceae;g__Chryseotalea;s__	0.87402674	d__Bacteria	p__Bacteroidota	c__Bacteroidia	o__Cytophagales	f__Microscillaceae	g__Chryseotalea	s__
f25e11f856cad61af8b6d40c352064d4	d__Bacteria;p__Bacillota;c__Bacilli;o__Lactobacillales;f__Carnobacteriaceae;g__Marinilactibacillus;s__	0.805201033	d__Bacteria	p__Bacillota	c__Bacilli	o__Lactobacillales	f__Carnobacteriaceae	g__Marinilactibacillus	s__
890f71c607216f982683dcdce2859fad	d__Bacteria;p__Pseudomonadota;c__Alphaproteobacteria;o__Sphingomonadales;f__Sphingomonadaceae;g__Novosphingobium;s__	0.915404753	d__Bacteria	p__Pseudomonadota	c__Alphaproteobacteria	o__Sphingomonadales	f__Sphingomonadaceae	g__Novosphingobium	s__
019245104ed4e1a751a760748c8a5205	d__Bacteria;p__Cyanobacteriota;c__Cyanobacteriia;o__Chloroplast;f__Incertae_Sedis;g__Incertae_Sedis;s__	0.999971569	d__Bacteria	p__Cyanobacteriota	c__Cyanobacteriia	o__Chloroplast	f__Incertae_Sedis	g__Incertae_Sedis	s__
9908fffab7ed4f3bec44cda2f5084d49	d__Bacteria;p__Bacillota;c__Bacilli;o__Lactobacillales;f__Enterococcaceae;g__Enterococcus;s__	0.791902191	d__Bacteria	p__Bacillota	c__Bacilli	o__Lactobacillales	f__Enterococcaceae	g__Enterococcus	s__
e5c19d7800b18015f3a917fc015fc42f	d__Bacteria;p__Pseudomonadota;c__Gammaproteobacteria;o__Pseudomonadales;f__Moraxellaceae;g__Enhydrobacter;s__	0.999995238	d__Bacteria	p__Pseudomonadota	c__Gammaproteobacteria	o__Pseudomonadales	f__Moraxellaceae	g__Enhydrobacter	s__
de400f52feb879f610e4df29976ee1cb	d__Bacteria;p__Bacillota;c__Clostridia;o__Clostridiales	0.75724145	d__Bacteria	p__Bacillota	c__Clostridia	o__Clostridiales			
78db7fa6b16b73b101fbb8b282b5330e	d__Bacteria;p__Pseudomonadota;c__Gammaproteobacteria;o__Pseudomonadales;f__Pseudomonadaceae;g__Pseudomonas;s__	0.768818585	d__Bacteria	p__Pseudomonadota	c__Gammaproteobacteria	o__Pseudomonadales	f__Pseudomonadaceae	g__Pseudomonas	s__
c939ee112ba982665e012437dae05c1e	d__Bacteria;p__Pseudomonadota;c__Gammaproteobacteria;o__Enterobacterales;f__Enterobacteriaceae	0.832160171	d__Bacteria	p__Pseudomonadota	c__Gammaproteobacteria	o__Enterobacterales	f__Enterobacteriaceae		
bcfe279a1b47e7a4f603da45228641c5	d__Bacteria;p__Bacillota;c__Clostridia;o__Oscillospirales;f__Oscillospiraceae;g__Ruminiclostridium;s__	0.906145209	d__Bacteria	p__Bacillota	c__Clostridia	o__Oscillospirales	f__Oscillospiraceae	g__Ruminiclostridium	s__
a9b6029d2a8d4a64157ad5c056335ee9	d__Bacteria;p__Cyanobacteriota;c__Vampirivibrionia;o__Obscuribacterales;f__Obscuribacteraceae;g__Candidatus_Obscuribacter;s__	0.992378745	d__Bacteria	p__Cyanobacteriota	c__Vampirivibrionia	o__Obscuribacterales	f__Obscuribacteraceae	g__Candidatus_Obscuribacter	s__
e990c276fbc1c79a05390fbf6840daf2	d__Bacteria;p__Pseudomonadota;c__Gammaproteobacteria;o__Burkholderiales;f__Comamonadaceae;g__Aquabacterium;s__	0.754292106	d__Bacteria	p__Pseudomonadota	c__Gammaproteobacteria	o__Burkholderiales	f__Comamonadaceae	g__Aquabacterium	s__
be6de5529c80d3b433a48e348e776ffc	d__Bacteria;p__Bacillota;c__Clostridia;o__Clostridiales;f__Clostridiaceae;g__Clostridium;s__	0.98181233	d__Bacteria	p__Bacillota	c__Clostridia	o__Clostridiales	f__Clostridiaceae	g__Clostridium	s__
10afda2baef44de4c584a6641de399b1	d__Bacteria;p__Pseudomonadota;c__Alphaproteobacteria;o__Sphingomonadales;f__Sphingomonadaceae;g__Sphingomonas;s__	0.941213011	d__Bacteria	p__Pseudomonadota	c__Alphaproteobacteria	o__Sphingomonadales	f__Sphingomonadaceae	g__Sphingomonas	s__
aa4eb4f60926379122d0d9845ecaf67a	d__Bacteria;p__Bacillota;c__Clostridia;o__Incertae_Sedis;f__Incertae_Sedis	0.829605242	d__Bacteria	p__Bacillota	c__Clostridia	o__Incertae_Sedis	f__Incertae_Sedis		
0eb8764f6fde39e9afc35a6a32acdfbc	d__Bacteria;p__Pseudomonadota;c__Alphaproteobacteria;o__Rickettsiales;f__Mitochondria;g__Incertae_Sedis;s__	0.997056402	d__Bacteria	p__Pseudomonadota	c__Alphaproteobacteria	o__Rickettsiales	f__Mitochondria	g__Incertae_Sedis	s__
15ea82f85903ca40a75c9b7dc0e96ac4	d__Bacteria;p__Bacillota;c__Clostridia;o__Oscillospirales;f__Ruminococcaceae;g__Faecalibacterium;s__	0.998619054	d__Bacteria	p__Bacillota	c__Clostridia	o__Oscillospirales	f__Ruminococcaceae	g__Faecalibacterium	s__
fbdf97d125a8c5a609842c235013b1d4	d__Bacteria;p__Pseudomonadota;c__Alphaproteobacteria;o__Sphingomonadales;f__Sphingomonadaceae	0.99297816	d__Bacteria	p__Pseudomonadota	c__Alphaproteobacteria	o__Sphingomonadales	f__Sphingomonadaceae		
11cef7b677b670e66d4ad11e86348ebd	d__Bacteria;p__Actinomycetota;c__Actinobacteria;o__Micrococcales;f__Cellulomonadaceae;g__Cellulomonas;s__	0.907573282	d__Bacteria	p__Actinomycetota	c__Actinobacteria	o__Micrococcales	f__Cellulomonadaceae	g__Cellulomonas	s__
c43a02021e53b6361e78169df50311f3	d__Bacteria;p__Pseudomonadota;c__Alphaproteobacteria;o__Sphingomonadales;f__Sphingomonadaceae;g__Sphingopyxis;s__	0.991845531	d__Bacteria	p__Pseudomonadota	c__Alphaproteobacteria	o__Sphingomonadales	f__Sphingomonadaceae	g__Sphingopyxis	s__
253fc7c4dc2c5b27818d6e75100bb6e5	d__Bacteria;p__Actinomycetota;c__Actinobacteria;o__Micrococcales;f__Micrococcaceae;g__Micrococcus;s__	0.983317207	d__Bacteria	p__Actinomycetota	c__Actinobacteria	o__Micrococcales	f__Micrococcaceae	g__Micrococcus	s__
dd273666cbd725e1c0d2db2800ce8912	d__Bacteria;p__Fusobacteriota;c__Fusobacteriia;o__Fusobacteriales;f__Leptotrichiaceae;g__Hypnocyclicus;s__	0.999986687	d__Bacteria	p__Fusobacteriota	c__Fusobacteriia	o__Fusobacteriales	f__Leptotrichiaceae	g__Hypnocyclicus	s__
8888076fb1e08e48b644b30fd750ce30	d__Bacteria;p__Pseudomonadota;c__Alphaproteobacteria;o__Reyranellales;f__Reyranellaceae;g__Reyranella;s__	0.999999412	d__Bacteria	p__Pseudomonadota	c__Alphaproteobacteria	o__Reyranellales	f__Reyranellaceae	g__Reyranella	s__
836d43a2ff8c6ae378553d85bfb5f4e4	d__Bacteria;p__Pseudomonadota;c__Alphaproteobacteria;o__Hyphomicrobiales;f__Hyphomicrobiales_Incertae_Sedis;g__Phreatobacter;s__	0.98964087	d__Bacteria	p__Pseudomonadota	c__Alphaproteobacteria	o__Hyphomicrobiales	f__Hyphomicrobiales_Incertae_Sedis	g__Phreatobacter	s__
97fd5405520473610f5ff4686960371e	d__Bacteria;p__Bacillota;c__Bacilli;o__Bacillales	0.996164952	d__Bacteria	p__Bacillota	c__Bacilli	o__Bacillales			
ba7b5d03d6feb3245377d14103b5ce6e	d__Bacteria;p__Pseudomonadota;c__Alphaproteobacteria;o__Sphingomonadales;f__Sphingomonadaceae	0.999980315	d__Bacteria	p__Pseudomonadota	c__Alphaproteobacteria	o__Sphingomonadales	f__Sphingomonadaceae		
9eab7a1249300ee6e9757c224201f94d	d__Bacteria;p__Pseudomonadota;c__Gammaproteobacteria;o__Lysobacterales;f__Lysobacteraceae;g__Stenotrophomonas;s__	0.999151243	d__Bacteria	p__Pseudomonadota	c__Gammaproteobacteria	o__Lysobacterales	f__Lysobacteraceae	g__Stenotrophomonas	s__
70a60612f186462ac3e8cd7ffb50690c	d__Bacteria;p__Pseudomonadota;c__Alphaproteobacteria;o__Rhodobacterales;f__Paracoccaceae	0.99909903	d__Bacteria	p__Pseudomonadota	c__Alphaproteobacteria	o__Rhodobacterales	f__Paracoccaceae		
ff79b629ec56ea875ee204de17b06ec1	d__Bacteria;p__Chloroflexota;c__KD4-96;o__Incertae_Sedis;f__Incertae_Sedis;g__Incertae_Sedis;s__	0.9998528	d__Bacteria	p__Chloroflexota	c__KD4-96	o__Incertae_Sedis	f__Incertae_Sedis	g__Incertae_Sedis	s__
62aed129ef47cdb0866bddc5afd8ab4a	d__Bacteria;p__Bacillota;c__Bacilli;o__Lactobacillales;f__Carnobacteriaceae;g__Alkalibacterium;s__	0.996334749	d__Bacteria	p__Bacillota	c__Bacilli	o__Lactobacillales	f__Carnobacteriaceae	g__Alkalibacterium	s__
aa9b3a1418d146c262ec63305292065a	d__Bacteria;p__Actinomycetota;c__Actinobacteria;o__Mycobacteriales;f__Corynebacteriaceae;g__Corynebacterium;s__	0.999910952	d__Bacteria	p__Actinomycetota	c__Actinobacteria	o__Mycobacteriales	f__Corynebacteriaceae	g__Corynebacterium	s__
65d43491988bfe557da4d86a5ba25dae	d__Bacteria;p__Bacillota;c__Bacilli;o__Staphylococcales;f__Staphylococcaceae;g__Staphylococcus;s__	0.990256606	d__Bacteria	p__Bacillota	c__Bacilli	o__Staphylococcales	f__Staphylococcaceae	g__Staphylococcus	s__
f4c25d36e800c9a2b058a1aa3ba79f7f	d__Bacteria;p__Pseudomonadota;c__Gammaproteobacteria;o__Enterobacterales;f__Vibrionaceae;g__Vibrio;s__	0.773860294	d__Bacteria	p__Pseudomonadota	c__Gammaproteobacteria	o__Enterobacterales	f__Vibrionaceae	g__Vibrio	s__
b381b237c2eefde436e72e237168474d	d__Bacteria;p__Actinomycetota;c__Actinobacteria;o__Streptosporangiales;f__Thermomonosporaceae;g__Actinomadura;s__	0.936505795	d__Bacteria	p__Actinomycetota	c__Actinobacteria	o__Streptosporangiales	f__Thermomonosporaceae	g__Actinomadura	s__
6ee9af06f7effb48c8907e7a74f4e8a2	d__Bacteria;p__Pseudomonadota;c__Gammaproteobacteria;o__Legionellales;f__Legionellaceae;g__Legionella;s__	0.999577949	d__Bacteria	p__Pseudomonadota	c__Gammaproteobacteria	o__Legionellales	f__Legionellaceae	g__Legionella	s__
6bacc7ea0f26ebebf4385701b5828751	d__Bacteria;p__Deinococcota;c__Deinococci;o__Deinococcales;f__Deinococcaceae;g__Deinococcus;s__	0.998594409	d__Bacteria	p__Deinococcota	c__Deinococci	o__Deinococcales	f__Deinococcaceae	g__Deinococcus	s__
f6edbcb91f18c1dcc550ce2c68333165	d__Bacteria;p__Actinomycetota;c__Actinobacteria;o__Frankiales;f__Geodermatophilaceae;g__Blastococcus;s__	0.997592888	d__Bacteria	p__Actinomycetota	c__Actinobacteria	o__Frankiales	f__Geodermatophilaceae	g__Blastococcus	s__
0df6c802966e8670279671824da4f10a	d__Bacteria;p__Bacillota;c__Bacilli;o__Lactobacillales;f__Lactobacillaceae	0.999993403	d__Bacteria	p__Bacillota	c__Bacilli	o__Lactobacillales	f__Lactobacillaceae		
4f61cf4dcd88f6d8bc4dc37d2b200386	d__Bacteria;p__Bacillota;c__Desulfitobacteriia;o__Desulfitobacteriales;f__Desulfitobacteriaceae;g__Desulfosporosinus;s__	0.984044983	d__Bacteria	p__Bacillota	c__Desulfitobacteriia	o__Desulfitobacteriales	f__Desulfitobacteriaceae	g__Desulfosporosinus	s__
e57c5df6a9b3b982472e7754ed31f313	d__Bacteria;p__Pseudomonadota;c__Gammaproteobacteria;o__Burkholderiales;f__Oxalobacteraceae;g__Massilia;s__	0.913043321	d__Bacteria	p__Pseudomonadota	c__Gammaproteobacteria	o__Burkholderiales	f__Oxalobacteraceae	g__Massilia	s__
d900eb33f6b4bc449aab64df16ae18b2	d__Bacteria;p__Bacteroidota;c__Bacteroidia;o__Bacteroidales;f__Bacteroidaceae;g__Bacteroides;s__	0.999139272	d__Bacteria	p__Bacteroidota	c__Bacteroidia	o__Bacteroidales	f__Bacteroidaceae	g__Bacteroides	s__
92f1720367db58c68a96eceb9feb416a	d__Bacteria;p__Pseudomonadota;c__Alphaproteobacteria;o__Hyphomicrobiales;f__Beijerinckiaceae;g__Methylorubrum;s__	0.994822177	d__Bacteria	p__Pseudomonadota	c__Alphaproteobacteria	o__Hyphomicrobiales	f__Beijerinckiaceae	g__Methylorubrum	s__
43b72e1c329516e46d8e7def74a33168	d__Bacteria;p__Bacteroidota;c__Bacteroidia;o__Cytophagales;f__Microscillaceae;g__Incertae_Sedis;s__	0.961660608	d__Bacteria	p__Bacteroidota	c__Bacteroidia	o__Cytophagales	f__Microscillaceae	g__Incertae_Sedis	s__
a7da93a9744a7863292bcf97d47b6a10	d__Bacteria;p__Actinomycetota;c__Actinobacteria;o__Micrococcales;f__Intrasporangiaceae	0.990662672	d__Bacteria	p__Actinomycetota	c__Actinobacteria	o__Micrococcales	f__Intrasporangiaceae		
cbb6fab87cf3f882d378e590c736cb8b	d__Bacteria;p__Bacillota;c__Clostridia;o__Oscillospirales;f__UCG-010;g__Incertae_Sedis;s__	0.829501579	d__Bacteria	p__Bacillota	c__Clostridia	o__Oscillospirales	f__UCG-010	g__Incertae_Sedis	s__
f52cc1224cac807cd42d9a901ed53c9b	d__Bacteria;p__Pseudomonadota;c__Alphaproteobacteria;o__Rickettsiales;f__Mitochondria;g__Incertae_Sedis;s__	0.999976148	d__Bacteria	p__Pseudomonadota	c__Alphaproteobacteria	o__Rickettsiales	f__Mitochondria	g__Incertae_Sedis	s__
83088041cf4e83bb1fe8cbe0bee8b465	d__Bacteria;p__Bacillota;c__Bacilli;o__Lactobacillales;f__Carnobacteriaceae;g__Atopostipes;s__	0.999793571	d__Bacteria	p__Bacillota	c__Bacilli	o__Lactobacillales	f__Carnobacteriaceae	g__Atopostipes	s__
601aa3de141302a0d3af468b82085ebb	d__Bacteria;p__Pseudomonadota;c__Alphaproteobacteria;o__Defluviicoccales;f__Defluviicoccaceae;g__Defluviicoccus;s__	0.997757391	d__Bacteria	p__Pseudomonadota	c__Alphaproteobacteria	o__Defluviicoccales	f__Defluviicoccaceae	g__Defluviicoccus	s__
ce471dffdc2ec03aeea996cec72f25cf	d__Bacteria;p__Verrucomicrobiota;c__Verrucomicrobiia;o__Pedosphaerales;f__Pedosphaeraceae;g__ADurb.Bin063-1;s__	0.962809077	d__Bacteria	p__Verrucomicrobiota	c__Verrucomicrobiia	o__Pedosphaerales	f__Pedosphaeraceae	g__ADurb.Bin063-1	s__
8b63699ca0612742a43beacd94698ab5	d__Bacteria;p__Bacillota;c__Clostridia	0.997896487	d__Bacteria	p__Bacillota	c__Clostridia				
4828afe7a0f2f7bfa588695ea0764721	d__Bacteria;p__Bacillota;c__Clostridia	0.983604971	d__Bacteria	p__Bacillota	c__Clostridia				
35f3bdfddc3995871aff06e9938f6f94	d__Bacteria;p__Bacillota;c__Clostridia;o__Peptostreptococcales-Tissierellales;f__Anaerovoracaceae;g__Anaerovorax;s__	0.841300615	d__Bacteria	p__Bacillota	c__Clostridia	o__Peptostreptococcales-Tissierellales	f__Anaerovoracaceae	g__Anaerovorax	s__
7dd6b3381b8ab37ca647c93a07469a91	d__Bacteria;p__Acidobacteriota;c__Vicinamibacteria;o__Vicinamibacterales;f__Vicinamibacteraceae;g__Incertae_Sedis;s__	0.983389149	d__Bacteria	p__Acidobacteriota	c__Vicinamibacteria	o__Vicinamibacterales	f__Vicinamibacteraceae	g__Incertae_Sedis	s__
de9a54ef7ef7bc42c8fef88ef5aa0c75	d__Bacteria;p__Cyanobacteriota;c__Vampirivibrionia;o__Gastranaerophilales;f__Gastranaerophilaceae;g__Zag_111;s__	0.999153612	d__Bacteria	p__Cyanobacteriota	c__Vampirivibrionia	o__Gastranaerophilales	f__Gastranaerophilaceae	g__Zag_111	s__
e19d07a8e06a6e0fdf4418a56ee5ef62	d__Bacteria;p__Bacillota;c__Clostridia;o__Lachnospirales;f__Lachnospiraceae;g__Anaerotaenia;s__	0.916376885	d__Bacteria	p__Bacillota	c__Clostridia	o__Lachnospirales	f__Lachnospiraceae	g__Anaerotaenia	s__
c27fa9678170cb26e93e51ca85715c3e	d__Bacteria;p__Actinomycetota;c__Actinobacteria;o__Mycobacteriales;f__Corynebacteriaceae;g__Lawsonella;s__	0.999996642	d__Bacteria	p__Actinomycetota	c__Actinobacteria	o__Mycobacteriales	f__Corynebacteriaceae	g__Lawsonella	s__
3eac8b038216422f95f2431ce4b2cf4e	d__Bacteria;p__Fusobacteriota;c__Fusobacteriia;o__Fusobacteriales;f__Leptotrichiaceae;g__Leptotrichia;s__	0.999940288	d__Bacteria	p__Fusobacteriota	c__Fusobacteriia	o__Fusobacteriales	f__Leptotrichiaceae	g__Leptotrichia	s__
ce675b3eef706b1d0d7dd9d136b2764f	d__Bacteria;p__Bacillota;c__Clostridia;o__Oscillospirales;f__Oscillospiraceae	0.991546707	d__Bacteria	p__Bacillota	c__Clostridia	o__Oscillospirales	f__Oscillospiraceae		
b601b2ea2b069de7516ec6135c79ee29	d__Bacteria;p__Actinomycetota;c__Actinobacteria;o__Mycobacteriales;f__Corynebacteriaceae;g__Corynebacterium;s__	0.954621468	d__Bacteria	p__Actinomycetota	c__Actinobacteria	o__Mycobacteriales	f__Corynebacteriaceae	g__Corynebacterium	s__
14174bc2acb1e3e42c43283ebec3f793	d__Bacteria;p__Pseudomonadota;c__Gammaproteobacteria;o__Enterobacterales;f__Alteromonadaceae;g__Alishewanella;s__	0.830014099	d__Bacteria	p__Pseudomonadota	c__Gammaproteobacteria	o__Enterobacterales	f__Alteromonadaceae	g__Alishewanella	s__
108ad10cab9c843cbf65391230b71cf7	d__Bacteria;p__Pseudomonadota;c__Alphaproteobacteria;o__Rickettsiales;f__Mitochondria;g__Incertae_Sedis;s__	0.989072419	d__Bacteria	p__Pseudomonadota	c__Alphaproteobacteria	o__Rickettsiales	f__Mitochondria	g__Incertae_Sedis	s__
ce13c9937bcc31fbb83e7c674ebbc49c	d__Bacteria;p__Spirochaetota;c__Leptospirae;o__Leptospirales;f__Leptospiraceae;g__Turneriella;s__	0.999999616	d__Bacteria	p__Spirochaetota	c__Leptospirae	o__Leptospirales	f__Leptospiraceae	g__Turneriella	s__
4bfac7c9955af776e07c61e574d29b73	d__Bacteria;p__Bacillota;c__Clostridia;o__Peptostreptococcales-Tissierellales;f__Family_XI;g__Tissierella;s__	0.956343273	d__Bacteria	p__Bacillota	c__Clostridia	o__Peptostreptococcales-Tissierellales	f__Family_XI	g__Tissierella	s__
17adfbeb82def6e769168d3b98c96887	d__Bacteria;p__Pseudomonadota;c__Alphaproteobacteria;o__Rickettsiales	0.711908617	d__Bacteria	p__Pseudomonadota	c__Alphaproteobacteria	o__Rickettsiales			
44c2295d0af606917cf7eace3e7e7441	d__Bacteria;p__Actinomycetota;c__Actinobacteria;o__Micrococcales;f__Bogoriellaceae;g__Georgenia;s__	0.950670514	d__Bacteria	p__Actinomycetota	c__Actinobacteria	o__Micrococcales	f__Bogoriellaceae	g__Georgenia	s__
8cda32f070451e0018b67f5c8798f952	d__Bacteria;p__Bacillota;c__Clostridia;o__Lachnospirales;f__Lachnospiraceae;g__Mediterraneibacter;s__	0.841800595	d__Bacteria	p__Bacillota	c__Clostridia	o__Lachnospirales	f__Lachnospiraceae	g__Mediterraneibacter	s__
b03d2e5ac94c7a0d115e5c542e9315e8	d__Bacteria;p__Bacillota;c__Bacilli;o__Lactobacillales;f__Carnobacteriaceae;g__Dolosigranulum;s__	0.999999939	d__Bacteria	p__Bacillota	c__Bacilli	o__Lactobacillales	f__Carnobacteriaceae	g__Dolosigranulum	s__
959e3f8dd00c79cbf650107f4d784cd4	d__Bacteria;p__Thermodesulfobacteriota;c__Desulfuromonadia;o__Geobacterales;f__Geobacteraceae;g__Trichlorobacter;s__	0.783068269	d__Bacteria	p__Thermodesulfobacteriota	c__Desulfuromonadia	o__Geobacterales	f__Geobacteraceae	g__Trichlorobacter	s__
e7cfd084265c4df4856ca07b1c9b24ee	d__Bacteria;p__Bacillota;c__Bacilli;o__Lactobacillales;f__Streptococcaceae;g__Streptococcus;s__	0.990890559	d__Bacteria	p__Bacillota	c__Bacilli	o__Lactobacillales	f__Streptococcaceae	g__Streptococcus	s__
8558ced24f1404b73a973f226625acf8	d__Bacteria;p__Acidobacteriota;c__Blastocatellia;o__Pyrinomonadales;f__Pyrinomonadaceae;g__Arenimicrobium;s__	0.953506818	d__Bacteria	p__Acidobacteriota	c__Blastocatellia	o__Pyrinomonadales	f__Pyrinomonadaceae	g__Arenimicrobium	s__
4bd87ea6cbe719afcb0fc9954252752a	d__Bacteria;p__Actinomycetota;c__Actinobacteria;o__Streptosporangiales;f__Thermomonosporaceae;g__Thermobispora;s__	0.999975651	d__Bacteria	p__Actinomycetota	c__Actinobacteria	o__Streptosporangiales	f__Thermomonosporaceae	g__Thermobispora	s__
fa98933ea840f7523ab9b5acf4b21d12	d__Bacteria;p__Pseudomonadota;c__Alphaproteobacteria;o__Sphingomonadales;f__Sphingomonadaceae	0.749441582	d__Bacteria	p__Pseudomonadota	c__Alphaproteobacteria	o__Sphingomonadales	f__Sphingomonadaceae		
3ba05b8dd3f018f172d4f7e68533a76a	d__Bacteria;p__Bacillota;c__Clostridia;o__Lachnospirales;f__Lachnospiraceae;g__Anaerocolumna;s__	0.925315637	d__Bacteria	p__Bacillota	c__Clostridia	o__Lachnospirales	f__Lachnospiraceae	g__Anaerocolumna	s__
f175f6cca790d71917f2fd1fe78c2151	d__Bacteria;p__Bacillota;c__Clostridia;o__Peptostreptococcales-Tissierellales;f__Sedimentibacteraceae;g__Sedimentibacter;s__	0.999730737	d__Bacteria	p__Bacillota	c__Clostridia	o__Peptostreptococcales-Tissierellales	f__Sedimentibacteraceae	g__Sedimentibacter	s__
742e1f191223f58590661de80b9d6e3b	d__Bacteria;p__Bacteroidota;c__Bacteroidia;o__Bacteroidales;f__Rikenellaceae;g__Alistipes;s__	0.999997998	d__Bacteria	p__Bacteroidota	c__Bacteroidia	o__Bacteroidales	f__Rikenellaceae	g__Alistipes	s__
f25f9c7b52cf003a78d711c37c48c2f5	d__Bacteria;p__Bacillota;c__Negativicutes;o__Veillonellales-Selenomonadales;f__Selenomonadaceae;g__Megamonas;s__	0.998383382	d__Bacteria	p__Bacillota	c__Negativicutes	o__Veillonellales-Selenomonadales	f__Selenomonadaceae	g__Megamonas	s__
6270afb4b2b923016ac9fb3462c81eb3	d__Bacteria;p__Bacillota;c__Limnochordia;o__Incertae_Sedis;f__Incertae_Sedis;g__Hydrogenispora;s__	0.990207612	d__Bacteria	p__Bacillota	c__Limnochordia	o__Incertae_Sedis	f__Incertae_Sedis	g__Hydrogenispora	s__